order_id,order_date,country,customer_type,order_status,payment_method,shipping_method
ORD-000335,2025-07-01,HU,returning,completed,card,standard
ORD-000551,2025-07-01,RO,returning,completed,card,standard
ORD-000191,2025-07-02,PL,returning,completed,card,standard
ORD-000982,2025-07-02,CZ,returning,completed,card,standard
ORD-000242,2025-07-03,RO,returning,completed,card,standard
ORD-000434,2025-07-03,PL,new,completed,card,standard
ORD-000880,2025-07-03,RO,returning,completed,bank_transfer,standard
ORD-000505,2025-07-04,PL,new,completed,card,pickup_point
ORD-000223,2025-07-05,SK,returning,completed,bank_transfer,courier
ORD-000621,2025-07-05,SK,new,completed,card,standard
ORD-000730,2025-07-06,PL,returning,completed,card,standard
ORD-000321,2025-07-07,PL,returning,completed,digital_wallet,express
ORD-000395,2025-07-07,HU,returning,completed,card,standard
ORD-000854,2025-07-07,PL,returning,completed,card,standard
ORD-000212,2025-07-08,SK,new,completed,bank_transfer,pickup_point
ORD-000748,2025-07-08,RO,returning,completed,card,express
ORD-000104,2025-07-09,CZ,new,completed,bank_transfer,standard
ORD-000821,2025-07-09,SK,new,cancelled,card,standard
ORD-000158,2025-07-10,CZ,returning,completed,card,express
ORD-000355,2025-07-10,RO,returning,completed,card,express
ORD-000527,2025-07-10,HU,returning,cancelled,card,pickup_point
ORD-000063,2025-07-11,RO,new,pending,card,pickup_point
ORD-000363,2025-07-11,CZ,new,returned,card,standard
ORD-000441,2025-07-11,SK,new,completed,card,standard
ORD-000012,2025-07-12,RO,returning,completed,card,pickup_point
ORD-000334,2025-07-13,SK,returning,cancelled,cash_on_delivery,courier
ORD-000802,2025-07-13,PL,new,completed,cash_on_delivery,standard
ORD-000879,2025-07-13,CZ,returning,completed,card,standard
ORD-000094,2025-07-14,CZ,returning,completed,card,standard
ORD-000933,2025-07-14,RO,returning,completed,card,express
ORD-000361,2025-07-15,PL,returning,completed,card,courier
ORD-000981,2025-07-15,HU,returning,completed,card,express
ORD-000137,2025-07-16,CZ,returning,completed,digital_wallet,express
ORD-000323,2025-07-16,CZ,returning,completed,card,courier
ORD-000737,2025-07-16,CZ,returning,completed,card,express
ORD-000229,2025-07-17,SK,returning,completed,card,standard
ORD-000487,2025-07-17,CZ,returning,completed,bank_transfer,express
ORD-000586,2025-07-17,CZ,returning,completed,card,courier
ORD-000739,2025-07-17,SK,new,returned,card,pickup_point
ORD-000390,2025-07-18,CZ,business,cancelled,bank_transfer,express
ORD-000978,2025-07-18,SK,new,completed,card,pickup_point
ORD-000003,2025-07-19,PL,new,completed,card,standard
ORD-000785,2025-07-19,PL,returning,completed,cash_on_delivery,standard
ORD-000076,2025-07-21,SK,returning,completed,card,standard
ORD-000315,2025-07-21,RO,business,completed,card,pickup_point
ORD-000635,2025-07-21,CZ,returning,completed,bank_transfer,standard
ORD-000704,2025-07-21,CZ,returning,completed,card,standard
ORD-000583,2025-07-22,HU,returning,completed,cash_on_delivery,courier
ORD-000894,2025-07-22,HU,new,completed,card,pickup_point
ORD-000087,2025-07-23,CZ,returning,completed,card,standard
ORD-000337,2025-07-23,RO,returning,completed,bank_transfer,standard
ORD-000386,2025-07-23,SK,returning,completed,card,standard
ORD-000552,2025-07-23,PL,returning,pending,card,pickup_point
ORD-000673,2025-07-23,RO,new,completed,card,pickup_point
ORD-000852,2025-07-23,SK,returning,completed,card,express
ORD-000451,2025-07-24,SK,new,completed,card,courier
ORD-000222,2025-07-25,HU,returning,cancelled,card,pickup_point
ORD-000013,2025-07-26,RO,returning,cancelled,digital_wallet,pickup_point
ORD-000400,2025-07-26,PL,business,returned,card,pickup_point
ORD-000751,2025-07-26,SK,new,completed,card,express
ORD-000036,2025-07-27,SK,returning,completed,card,standard
ORD-000713,2025-07-27,CZ,new,completed,card,express
ORD-000508,2025-07-28,SK,new,completed,cash_on_delivery,courier
ORD-000664,2025-07-28,SK,new,completed,card,express
ORD-000706,2025-07-28,PL,business,completed,bank_transfer,standard
ORD-000783,2025-07-28,RO,returning,completed,card,courier
ORD-000839,2025-07-28,PL,new,completed,card,pickup_point
ORD-000131,2025-07-29,HU,returning,completed,card,courier
ORD-000359,2025-07-29,HU,business,completed,digital_wallet,standard
ORD-000718,2025-07-29,PL,new,cancelled,bank_transfer,pickup_point
ORD-000860,2025-07-29,CZ,business,completed,card,standard
ORD-000884,2025-07-29,PL,new,completed,cash_on_delivery,pickup_point
ORD-000208,2025-07-30,CZ,business,completed,card,standard
ORD-000192,2025-07-31,RO,new,pending,card,standard
ORD-000595,2025-07-31,SK,new,cancelled,card,pickup_point
ORD-000339,2025-08-01,CZ,business,completed,card,standard
ORD-000685,2025-08-01,PL,returning,returned,cash_on_delivery,standard
ORD-000270,2025-08-02,PL,returning,completed,card,standard
ORD-000564,2025-08-02,SK,returning,completed,bank_transfer,courier
ORD-000820,2025-08-02,HU,returning,completed,digital_wallet,pickup_point
ORD-000867,2025-08-03,SK,returning,completed,card,standard
ORD-000045,2025-08-04,SK,new,completed,bank_transfer,standard
ORD-000952,2025-08-04,CZ,returning,completed,card,standard
ORD-000570,2025-08-05,RO,returning,completed,card,express
ORD-000507,2025-08-06,PL,new,completed,card,standard
ORD-000601,2025-08-06,SK,returning,completed,bank_transfer,pickup_point
ORD-000148,2025-08-07,CZ,returning,completed,cash_on_delivery,express
ORD-000511,2025-08-07,CZ,returning,completed,bank_transfer,express
ORD-000807,2025-08-07,SK,new,completed,digital_wallet,standard
ORD-000349,2025-08-08,SK,new,returned,card,standard
ORD-000329,2025-08-09,PL,new,completed,card,standard
ORD-000537,2025-08-09,CZ,returning,returned,card,standard
ORD-000868,2025-08-09,SK,new,completed,card,pickup_point
ORD-000902,2025-08-09,CZ,returning,completed,card,pickup_point
ORD-000908,2025-08-09,SK,new,completed,card,pickup_point
ORD-000582,2025-08-10,PL,returning,completed,cash_on_delivery,express
ORD-000645,2025-08-10,CZ,returning,completed,bank_transfer,courier
ORD-000696,2025-08-10,PL,returning,completed,bank_transfer,pickup_point
ORD-000056,2025-08-11,SK,returning,completed,card,standard
ORD-000300,2025-08-12,CZ,business,completed,card,standard
ORD-000317,2025-08-12,SK,returning,completed,cash_on_delivery,express
ORD-000667,2025-08-12,CZ,returning,completed,card,standard
ORD-000964,2025-08-12,SK,new,completed,digital_wallet,courier
ORD-000081,2025-08-13,SK,returning,cancelled,cash_on_delivery,pickup_point
ORD-000240,2025-08-13,HU,new,completed,card,standard
ORD-000245,2025-08-13,PL,returning,pending,card,express
ORD-000338,2025-08-13,PL,returning,completed,card,express
ORD-000674,2025-08-13,SK,new,pending,digital_wallet,pickup_point
ORD-000994,2025-08-13,SK,new,completed,bank_transfer,pickup_point
ORD-000123,2025-08-14,HU,business,pending,bank_transfer,pickup_point
ORD-000394,2025-08-14,CZ,returning,completed,card,standard
ORD-000172,2025-08-15,PL,new,completed,cash_on_delivery,standard
ORD-000682,2025-08-15,SK,returning,completed,digital_wallet,standard
ORD-000004,2025-08-16,CZ,new,completed,cash_on_delivery,standard
ORD-000189,2025-08-16,RO,returning,completed,card,standard
ORD-000385,2025-08-16,PL,returning,completed,card,standard
ORD-000410,2025-08-16,SK,returning,completed,card,courier
ORD-000855,2025-08-16,SK,returning,completed,card,express
ORD-000244,2025-08-17,PL,returning,returned,card,standard
ORD-000292,2025-08-17,CZ,returning,completed,cash_on_delivery,standard
ORD-000741,2025-08-17,CZ,new,completed,card,standard
ORD-000231,2025-08-18,RO,business,completed,digital_wallet,pickup_point
ORD-000934,2025-08-19,HU,returning,completed,card,standard
ORD-000029,2025-08-20,RO,returning,returned,bank_transfer,standard
ORD-000237,2025-08-20,CZ,returning,completed,cash_on_delivery,courier
ORD-000297,2025-08-20,PL,returning,completed,digital_wallet,standard
ORD-000843,2025-08-20,SK,returning,completed,cash_on_delivery,standard
ORD-000397,2025-08-21,HU,returning,returned,cash_on_delivery,standard
ORD-000075,2025-08-22,HU,returning,pending,card,express
ORD-000304,2025-08-22,SK,returning,completed,cash_on_delivery,pickup_point
ORD-000605,2025-08-22,SK,business,completed,card,pickup_point
ORD-000506,2025-08-23,SK,returning,returned,bank_transfer,standard
ORD-000557,2025-08-24,SK,returning,completed,cash_on_delivery,standard
ORD-000759,2025-08-24,CZ,returning,cancelled,card,standard
ORD-000826,2025-08-24,SK,returning,completed,card,standard
ORD-000920,2025-08-24,SK,returning,completed,card,standard
ORD-000374,2025-08-25,PL,new,completed,card,standard
ORD-000939,2025-08-26,CZ,returning,completed,card,standard
ORD-000177,2025-08-27,CZ,returning,completed,bank_transfer,standard
ORD-000912,2025-08-27,SK,returning,completed,card,standard
ORD-000921,2025-08-27,HU,new,completed,card,express
ORD-000966,2025-08-27,PL,returning,completed,bank_transfer,express
ORD-000042,2025-08-28,HU,returning,completed,bank_transfer,standard
ORD-000271,2025-08-28,SK,returning,completed,bank_transfer,express
ORD-000502,2025-08-28,CZ,returning,completed,digital_wallet,pickup_point
ORD-000576,2025-08-29,SK,returning,cancelled,card,pickup_point
ORD-000883,2025-08-29,SK,returning,cancelled,card,standard
ORD-000274,2025-08-30,SK,new,completed,card,standard
ORD-000426,2025-08-30,CZ,returning,completed,digital_wallet,standard
ORD-000556,2025-08-30,CZ,returning,completed,cash_on_delivery,standard
ORD-000714,2025-08-30,RO,business,completed,cash_on_delivery,standard
ORD-000391,2025-08-31,RO,returning,pending,card,standard
ORD-000899,2025-08-31,CZ,returning,completed,card,express
ORD-000099,2025-09-01,SK,returning,cancelled,card,standard
ORD-000165,2025-09-01,PL,returning,returned,card,standard
ORD-000597,2025-09-01,CZ,returning,completed,card,express
ORD-000723,2025-09-01,PL,new,completed,card,pickup_point
ORD-000408,2025-09-02,PL,new,completed,card,courier
ORD-000710,2025-09-02,SK,returning,completed,card,pickup_point
ORD-000196,2025-09-04,PL,new,completed,card,standard
ORD-000477,2025-09-04,SK,returning,completed,card,courier
ORD-000942,2025-09-04,HU,returning,completed,card,courier
ORD-000046,2025-09-05,CZ,returning,completed,card,standard
ORD-000296,2025-09-05,CZ,returning,completed,bank_transfer,standard
ORD-000457,2025-09-05,CZ,returning,returned,card,standard
ORD-000642,2025-09-05,SK,new,completed,card,standard
ORD-000035,2025-09-06,SK,returning,completed,card,standard
ORD-000184,2025-09-07,CZ,returning,pending,card,pickup_point
ORD-000305,2025-09-07,PL,returning,completed,card,express
ORD-000524,2025-09-07,PL,new,completed,card,pickup_point
ORD-000554,2025-09-07,SK,returning,returned,card,express
ORD-000107,2025-09-08,SK,returning,completed,card,standard
ORD-000193,2025-09-08,HU,business,completed,card,courier
ORD-000613,2025-09-08,CZ,returning,completed,digital_wallet,courier
ORD-000084,2025-09-09,SK,new,cancelled,card,express
ORD-000096,2025-09-09,SK,business,completed,cash_on_delivery,pickup_point
ORD-000151,2025-09-09,PL,returning,completed,card,courier
ORD-000152,2025-09-10,CZ,returning,completed,digital_wallet,pickup_point
ORD-000180,2025-09-10,CZ,business,completed,card,standard
ORD-000236,2025-09-10,HU,returning,completed,bank_transfer,standard
ORD-000347,2025-09-10,SK,new,cancelled,card,standard
ORD-000526,2025-09-10,RO,new,completed,bank_transfer,pickup_point
ORD-000909,2025-09-10,HU,returning,completed,cash_on_delivery,standard
ORD-000291,2025-09-11,PL,new,completed,card,express
ORD-000365,2025-09-11,HU,returning,returned,digital_wallet,standard
ORD-000234,2025-09-12,HU,returning,completed,card,standard
ORD-000006,2025-09-13,SK,returning,completed,card,standard
ORD-000034,2025-09-13,RO,returning,cancelled,card,pickup_point
ORD-000166,2025-09-13,SK,new,completed,card,standard
ORD-000485,2025-09-13,SK,new,completed,cash_on_delivery,courier
ORD-000623,2025-09-13,SK,returning,completed,card,standard
ORD-000791,2025-09-13,PL,returning,cancelled,bank_transfer,standard
ORD-000900,2025-09-13,SK,returning,completed,card,standard
ORD-000093,2025-09-14,HU,new,returned,cash_on_delivery,courier
ORD-000396,2025-09-14,CZ,returning,pending,card,standard
ORD-000327,2025-09-15,SK,business,completed,cash_on_delivery,pickup_point
ORD-000529,2025-09-15,CZ,new,completed,bank_transfer,standard
ORD-000549,2025-09-15,PL,new,returned,bank_transfer,pickup_point
ORD-000428,2025-09-16,SK,new,completed,card,courier
ORD-000694,2025-09-16,HU,new,completed,cash_on_delivery,express
ORD-000442,2025-09-17,SK,returning,completed,card,standard
ORD-000027,2025-09-18,HU,returning,cancelled,bank_transfer,courier
ORD-000198,2025-09-18,SK,business,completed,card,pickup_point
ORD-000495,2025-09-18,SK,business,completed,cash_on_delivery,express
ORD-000462,2025-09-19,CZ,returning,completed,card,pickup_point
ORD-000358,2025-09-20,SK,returning,completed,cash_on_delivery,courier
ORD-000455,2025-09-20,SK,business,completed,card,standard
ORD-000962,2025-09-20,SK,new,cancelled,card,express
ORD-000378,2025-09-21,PL,returning,returned,card,express
ORD-000875,2025-09-21,PL,new,pending,cash_on_delivery,pickup_point
ORD-000977,2025-09-21,RO,returning,returned,cash_on_delivery,standard
ORD-000086,2025-09-22,SK,returning,completed,digital_wallet,pickup_point
ORD-000188,2025-09-23,CZ,returning,completed,card,express
ORD-000306,2025-09-23,CZ,returning,completed,card,standard
ORD-000539,2025-09-23,SK,returning,completed,card,standard
ORD-000259,2025-09-24,PL,new,pending,bank_transfer,standard
ORD-000547,2025-09-24,PL,returning,completed,bank_transfer,standard
ORD-000600,2025-09-24,PL,business,completed,bank_transfer,standard
ORD-000672,2025-09-25,RO,returning,pending,card,standard
ORD-000988,2025-09-25,SK,returning,completed,card,courier
ORD-000999,2025-09-25,CZ,business,returned,card,standard
ORD-000230,2025-09-26,SK,returning,completed,card,courier
ORD-000608,2025-09-26,SK,returning,returned,card,standard
ORD-000758,2025-09-26,SK,returning,completed,card,standard
ORD-000989,2025-09-26,RO,new,completed,card,courier
ORD-000360,2025-09-27,SK,returning,cancelled,bank_transfer,courier
ORD-000406,2025-09-27,SK,returning,cancelled,card,standard
ORD-000829,2025-09-27,CZ,new,completed,card,pickup_point
ORD-000106,2025-09-28,HU,returning,pending,card,standard
ORD-000173,2025-09-28,CZ,returning,pending,card,pickup_point
ORD-000566,2025-09-28,PL,returning,completed,bank_transfer,pickup_point
ORD-000789,2025-09-28,RO,returning,completed,card,standard
ORD-000834,2025-09-28,PL,new,completed,card,courier
ORD-000364,2025-09-29,RO,returning,completed,card,express
ORD-000430,2025-09-29,SK,new,completed,card,pickup_point
ORD-000226,2025-09-30,SK,new,completed,card,express
ORD-000832,2025-09-30,RO,returning,completed,card,pickup_point
ORD-000800,2025-10-01,SK,new,completed,card,standard
ORD-000424,2025-10-02,RO,returning,completed,card,standard
ORD-000268,2025-10-03,SK,returning,completed,bank_transfer,courier
ORD-000805,2025-10-03,SK,returning,pending,bank_transfer,courier
ORD-000636,2025-10-04,CZ,new,completed,cash_on_delivery,express
ORD-000738,2025-10-04,PL,returning,completed,bank_transfer,standard
ORD-000210,2025-10-06,SK,returning,completed,card,standard
ORD-000580,2025-10-06,CZ,new,completed,cash_on_delivery,standard
ORD-000819,2025-10-06,SK,new,completed,bank_transfer,express
ORD-000392,2025-10-07,SK,returning,pending,card,courier
ORD-000089,2025-10-08,CZ,business,pending,card,standard
ORD-000427,2025-10-08,CZ,returning,completed,card,standard
ORD-000728,2025-10-08,SK,new,completed,card,pickup_point
ORD-000333,2025-10-09,PL,returning,cancelled,card,courier
ORD-000592,2025-10-09,SK,business,completed,cash_on_delivery,standard
ORD-000885,2025-10-09,SK,returning,completed,bank_transfer,standard
ORD-000753,2025-10-10,PL,returning,completed,digital_wallet,pickup_point
ORD-000928,2025-10-10,CZ,returning,pending,card,pickup_point
ORD-000108,2025-10-11,HU,new,completed,card,pickup_point
ORD-000915,2025-10-11,SK,returning,completed,cash_on_delivery,courier
ORD-000341,2025-10-12,SK,returning,completed,card,standard
ORD-000581,2025-10-12,HU,returning,completed,cash_on_delivery,standard
ORD-000699,2025-10-12,HU,new,returned,digital_wallet,pickup_point
ORD-000209,2025-10-13,CZ,new,completed,card,express
ORD-000216,2025-10-13,CZ,returning,completed,card,standard
ORD-000862,2025-10-13,SK,new,completed,bank_transfer,pickup_point
ORD-000689,2025-10-14,PL,returning,completed,card,standard
ORD-000160,2025-10-15,CZ,business,completed,card,courier
ORD-000761,2025-10-15,HU,returning,cancelled,card,pickup_point
ORD-000676,2025-10-16,PL,new,completed,bank_transfer,express
ORD-000059,2025-10-17,HU,returning,completed,card,express
ORD-000528,2025-10-17,RO,returning,completed,digital_wallet,standard
ORD-000545,2025-10-19,CZ,business,returned,card,pickup_point
ORD-000481,2025-10-20,SK,returning,completed,card,pickup_point
ORD-000969,2025-10-20,SK,new,pending,card,standard
ORD-000533,2025-10-21,HU,new,completed,card,pickup_point
ORD-000411,2025-10-22,PL,returning,completed,card,standard
ORD-000470,2025-10-22,SK,returning,completed,cash_on_delivery,express
ORD-000585,2025-10-22,HU,new,completed,card,courier
ORD-000665,2025-10-22,SK,returning,pending,digital_wallet,pickup_point
ORD-000851,2025-10-22,RO,returning,completed,card,standard
ORD-000049,2025-10-23,HU,returning,completed,card,standard
ORD-000095,2025-10-23,SK,business,cancelled,bank_transfer,pickup_point
ORD-000488,2025-10-23,PL,returning,completed,cash_on_delivery,pickup_point
ORD-000895,2025-10-23,SK,new,completed,digital_wallet,pickup_point
ORD-000050,2025-10-24,HU,returning,pending,cash_on_delivery,express
ORD-000132,2025-10-24,CZ,business,returned,cash_on_delivery,standard
ORD-000228,2025-10-24,SK,returning,completed,digital_wallet,express
ORD-000814,2025-10-24,SK,business,cancelled,card,express
ORD-000239,2025-10-25,CZ,business,completed,bank_transfer,pickup_point
ORD-000388,2025-10-25,CZ,returning,cancelled,card,express
ORD-000402,2025-10-25,SK,business,completed,cash_on_delivery,standard
ORD-000663,2025-10-25,PL,returning,returned,bank_transfer,express
ORD-000911,2025-10-25,SK,new,pending,card,pickup_point
ORD-000014,2025-10-26,PL,returning,completed,bank_transfer,pickup_point
ORD-000218,2025-10-26,CZ,returning,completed,bank_transfer,pickup_point
ORD-000561,2025-10-26,CZ,returning,completed,card,standard
ORD-000591,2025-10-26,HU,returning,cancelled,card,pickup_point
ORD-000871,2025-10-27,HU,returning,completed,card,express
ORD-000033,2025-10-28,CZ,new,returned,card,pickup_point
ORD-000301,2025-10-28,CZ,new,completed,card,standard
ORD-000182,2025-10-29,SK,new,completed,card,express
ORD-000604,2025-10-29,PL,business,completed,card,standard
ORD-000790,2025-10-29,CZ,returning,returned,card,standard
ORD-000126,2025-10-30,HU,new,completed,card,pickup_point
ORD-000285,2025-10-30,SK,returning,completed,cash_on_delivery,express
ORD-000336,2025-10-30,CZ,business,pending,card,standard
ORD-000975,2025-10-30,HU,returning,returned,card,courier
ORD-000235,2025-11-01,CZ,returning,completed,card,standard
ORD-000653,2025-11-01,CZ,new,completed,digital_wallet,standard
ORD-000213,2025-11-02,PL,returning,completed,card,standard
ORD-000542,2025-11-02,SK,returning,completed,bank_transfer,standard
ORD-000630,2025-11-02,SK,new,cancelled,card,express
ORD-000944,2025-11-03,SK,returning,completed,digital_wallet,standard
ORD-000683,2025-11-04,RO,new,completed,bank_transfer,standard
ORD-000290,2025-11-05,SK,new,completed,cash_on_delivery,standard
ORD-000309,2025-11-05,CZ,returning,completed,cash_on_delivery,pickup_point
ORD-000091,2025-11-06,SK,returning,completed,digital_wallet,pickup_point
ORD-000624,2025-11-06,HU,returning,completed,cash_on_delivery,standard
ORD-000954,2025-11-06,PL,returning,completed,card,standard
ORD-000413,2025-11-07,PL,business,completed,bank_transfer,standard
ORD-000788,2025-11-07,SK,new,cancelled,card,standard
ORD-000440,2025-11-08,HU,returning,completed,card,standard
ORD-000976,2025-11-08,SK,business,completed,card,pickup_point
ORD-000167,2025-11-09,PL,new,cancelled,card,express
ORD-000219,2025-11-09,HU,returning,completed,bank_transfer,standard
ORD-000322,2025-11-10,SK,new,cancelled,card,courier
ORD-000217,2025-11-11,CZ,returning,completed,card,standard
ORD-000596,2025-11-11,CZ,returning,pending,card,standard
ORD-000445,2025-11-12,HU,business,completed,card,standard
ORD-000536,2025-11-12,PL,returning,completed,card,express
ORD-000993,2025-11-12,SK,returning,completed,bank_transfer,express
ORD-000001,2025-11-13,CZ,returning,completed,cash_on_delivery,pickup_point
ORD-000343,2025-11-13,HU,new,cancelled,card,pickup_point
ORD-000658,2025-11-13,CZ,returning,completed,cash_on_delivery,standard
ORD-000808,2025-11-13,SK,new,pending,card,standard
ORD-000112,2025-11-14,HU,returning,completed,bank_transfer,pickup_point
ORD-000181,2025-11-14,RO,new,completed,card,express
ORD-000670,2025-11-14,HU,new,returned,card,pickup_point
ORD-000695,2025-11-14,PL,returning,completed,card,standard
ORD-000864,2025-11-14,CZ,returning,completed,card,standard
ORD-000991,2025-11-14,SK,returning,completed,cash_on_delivery,express
ORD-000679,2025-11-16,SK,returning,completed,card,standard
ORD-000749,2025-11-16,SK,returning,completed,card,standard
ORD-000018,2025-11-17,HU,new,cancelled,card,pickup_point
ORD-000052,2025-11-17,PL,new,completed,card,pickup_point
ORD-000168,2025-11-17,SK,returning,completed,card,pickup_point
ORD-000204,2025-11-18,SK,business,returned,digital_wallet,express
ORD-000225,2025-11-18,CZ,new,completed,bank_transfer,standard
ORD-000280,2025-11-18,SK,new,cancelled,card,pickup_point
ORD-000352,2025-11-18,SK,returning,completed,bank_transfer,standard
ORD-000030,2025-11-19,SK,new,cancelled,card,pickup_point
ORD-000806,2025-11-19,HU,returning,completed,cash_on_delivery,standard
ORD-000120,2025-11-20,SK,new,completed,card,standard
ORD-000494,2025-11-20,CZ,new,completed,card,standard
ORD-000850,2025-11-20,SK,returning,returned,card,standard
ORD-000028,2025-11-21,SK,returning,completed,digital_wallet,pickup_point
ORD-000357,2025-11-21,SK,business,completed,cash_on_delivery,courier
ORD-000781,2025-11-21,CZ,new,returned,card,standard
ORD-000214,2025-11-22,CZ,returning,completed,card,express
ORD-000512,2025-11-22,HU,returning,completed,bank_transfer,standard
ORD-000918,2025-11-22,SK,returning,completed,bank_transfer,courier
ORD-000992,2025-11-22,PL,new,completed,cash_on_delivery,standard
ORD-000720,2025-11-23,PL,returning,completed,cash_on_delivery,standard
ORD-000888,2025-11-23,CZ,new,completed,card,standard
ORD-000923,2025-11-23,CZ,returning,completed,cash_on_delivery,standard
ORD-000072,2025-11-24,SK,returning,cancelled,bank_transfer,express
ORD-000146,2025-11-24,CZ,returning,completed,cash_on_delivery,pickup_point
ORD-000567,2025-11-24,SK,returning,completed,bank_transfer,express
ORD-000009,2025-11-25,PL,new,completed,card,express
ORD-000048,2025-11-25,PL,returning,completed,card,express
ORD-000489,2025-11-25,PL,new,completed,card,pickup_point
ORD-000578,2025-11-25,SK,returning,cancelled,card,courier
ORD-000675,2025-11-25,SK,returning,completed,card,standard
ORD-000774,2025-11-25,RO,returning,completed,card,standard
ORD-000874,2025-11-25,HU,new,completed,card,standard
ORD-000202,2025-11-26,SK,business,completed,card,pickup_point
ORD-000881,2025-11-26,RO,returning,pending,bank_transfer,pickup_point
ORD-000866,2025-11-27,CZ,returning,completed,bank_transfer,courier
ORD-000369,2025-11-28,SK,returning,pending,digital_wallet,standard
ORD-000377,2025-11-28,SK,new,completed,card,courier
ORD-000479,2025-11-28,CZ,new,completed,bank_transfer,pickup_point
ORD-000499,2025-11-28,SK,returning,completed,digital_wallet,pickup_point
ORD-000770,2025-11-28,SK,business,pending,card,express
ORD-000935,2025-11-28,PL,returning,completed,card,pickup_point
ORD-000353,2025-11-29,CZ,returning,completed,card,standard
ORD-000420,2025-11-29,SK,returning,completed,card,pickup_point
ORD-000449,2025-11-29,SK,new,cancelled,cash_on_delivery,pickup_point
ORD-000163,2025-11-30,SK,business,completed,card,standard
ORD-000175,2025-11-30,CZ,new,pending,card,courier
ORD-000628,2025-11-30,SK,returning,returned,card,standard
ORD-000719,2025-11-30,CZ,new,completed,digital_wallet,standard
ORD-000005,2025-12-01,RO,new,cancelled,card,standard
ORD-000153,2025-12-01,PL,returning,completed,card,express
ORD-000480,2025-12-01,HU,returning,completed,bank_transfer,express
ORD-000661,2025-12-01,SK,returning,completed,cash_on_delivery,courier
ORD-000768,2025-12-01,PL,business,completed,digital_wallet,standard
ORD-000949,2025-12-01,CZ,returning,completed,cash_on_delivery,pickup_point
ORD-000740,2025-12-02,SK,new,completed,cash_on_delivery,pickup_point
ORD-000953,2025-12-02,CZ,new,completed,card,standard
ORD-000025,2025-12-03,RO,new,completed,card,standard
ORD-000332,2025-12-03,PL,new,completed,digital_wallet,courier
ORD-000401,2025-12-03,SK,returning,cancelled,bank_transfer,courier
ORD-000647,2025-12-03,SK,new,completed,card,standard
ORD-000891,2025-12-03,CZ,returning,pending,card,courier
ORD-000910,2025-12-03,SK,returning,completed,cash_on_delivery,standard
ORD-000938,2025-12-03,HU,new,completed,card,standard
ORD-000945,2025-12-04,SK,new,completed,card,express
ORD-000425,2025-12-05,CZ,returning,completed,bank_transfer,standard
ORD-000612,2025-12-05,CZ,new,completed,card,pickup_point
ORD-000764,2025-12-05,RO,new,completed,cash_on_delivery,pickup_point
ORD-000825,2025-12-05,HU,new,completed,cash_on_delivery,standard
ORD-000083,2025-12-06,SK,new,pending,card,standard
ORD-000755,2025-12-06,PL,returning,completed,card,standard
ORD-000961,2025-12-06,CZ,returning,completed,bank_transfer,standard
ORD-000183,2025-12-07,PL,returning,pending,card,standard
ORD-000331,2025-12-07,CZ,returning,completed,card,express
ORD-000405,2025-12-07,PL,returning,cancelled,card,express
ORD-000044,2025-12-08,CZ,returning,completed,card,courier
ORD-000062,2025-12-08,PL,returning,completed,card,standard
ORD-000143,2025-12-08,SK,new,pending,card,pickup_point
ORD-000251,2025-12-08,SK,returning,completed,bank_transfer,express
ORD-000342,2025-12-08,CZ,returning,pending,card,standard
ORD-000523,2025-12-08,SK,new,completed,card,pickup_point
ORD-000577,2025-12-09,CZ,returning,completed,bank_transfer,standard
ORD-000656,2025-12-09,SK,returning,completed,card,express
ORD-000313,2025-12-10,SK,returning,completed,card,pickup_point
ORD-000692,2025-12-10,HU,new,completed,card,courier
ORD-000947,2025-12-10,CZ,returning,completed,cash_on_delivery,standard
ORD-000372,2025-12-11,SK,returning,completed,bank_transfer,express
ORD-000040,2025-12-12,PL,new,completed,bank_transfer,express
ORD-000203,2025-12-12,SK,returning,pending,card,standard
ORD-000463,2025-12-12,SK,business,completed,card,express
ORD-000504,2025-12-12,CZ,business,completed,digital_wallet,express
ORD-000041,2025-12-14,CZ,returning,completed,card,standard
ORD-000588,2025-12-14,CZ,returning,completed,card,standard
ORD-000652,2025-12-14,HU,returning,completed,cash_on_delivery,standard
ORD-000757,2025-12-14,CZ,new,completed,card,standard
ORD-000872,2025-12-15,CZ,returning,completed,card,standard
ORD-000968,2025-12-16,HU,returning,cancelled,bank_transfer,courier
ORD-000260,2025-12-17,RO,returning,completed,card,express
ORD-000350,2025-12-17,SK,business,completed,digital_wallet,standard
ORD-000745,2025-12-18,CZ,new,completed,bank_transfer,standard
ORD-000858,2025-12-18,CZ,new,completed,bank_transfer,express
ORD-000979,2025-12-18,PL,returning,cancelled,cash_on_delivery,pickup_point
ORD-000996,2025-12-18,RO,returning,completed,bank_transfer,pickup_point
ORD-000373,2025-12-19,CZ,new,completed,card,standard
ORD-000662,2025-12-19,CZ,returning,completed,cash_on_delivery,pickup_point
ORD-000712,2025-12-19,CZ,returning,completed,cash_on_delivery,standard
ORD-000798,2025-12-19,SK,returning,completed,bank_transfer,standard
ORD-000846,2025-12-19,SK,returning,completed,card,pickup_point
ORD-000178,2025-12-20,HU,returning,completed,card,pickup_point
ORD-000417,2025-12-20,RO,returning,returned,card,pickup_point
ORD-000827,2025-12-20,HU,business,completed,card,courier
ORD-000019,2025-12-21,HU,returning,completed,bank_transfer,standard
ORD-000562,2025-12-21,HU,returning,completed,card,standard
ORD-000575,2025-12-21,RO,returning,completed,bank_transfer,standard
ORD-000573,2025-12-22,RO,returning,pending,cash_on_delivery,pickup_point
ORD-000943,2025-12-22,CZ,returning,pending,card,standard
ORD-000264,2025-12-23,CZ,new,completed,card,standard
ORD-000437,2025-12-23,RO,returning,completed,card,courier
ORD-000140,2025-12-24,RO,new,completed,card,standard
ORD-000517,2025-12-24,SK,business,cancelled,card,standard
ORD-000538,2025-12-24,CZ,returning,completed,card,standard
ORD-000560,2025-12-24,HU,returning,completed,cash_on_delivery,standard
ORD-000769,2025-12-24,RO,returning,completed,card,pickup_point
ORD-000793,2025-12-24,SK,new,cancelled,card,standard
ORD-000878,2025-12-24,SK,returning,pending,card,standard
ORD-000571,2025-12-25,RO,new,completed,card,courier
ORD-000080,2025-12-27,SK,returning,completed,card,pickup_point
ORD-000287,2025-12-27,CZ,returning,completed,digital_wallet,standard
ORD-000553,2025-12-27,PL,returning,completed,bank_transfer,standard
ORD-000145,2025-12-28,SK,new,completed,cash_on_delivery,pickup_point
ORD-000220,2025-12-28,SK,returning,completed,digital_wallet,express
ORD-000483,2025-12-28,CZ,returning,pending,bank_transfer,pickup_point
ORD-000047,2025-12-29,HU,business,completed,digital_wallet,standard
ORD-000061,2025-12-29,SK,returning,completed,card,courier
ORD-000227,2025-12-29,SK,returning,completed,card,express
ORD-000345,2025-12-30,CZ,new,completed,cash_on_delivery,standard
ORD-000771,2025-12-31,SK,new,completed,card,express
ORD-000815,2025-12-31,CZ,new,completed,digital_wallet,express
ORD-000407,2026-01-01,PL,new,cancelled,card,express
ORD-000450,2026-01-01,HU,new,completed,card,pickup_point
ORD-000922,2026-01-01,PL,returning,completed,card,standard
ORD-000037,2026-01-02,CZ,new,completed,digital_wallet,standard
ORD-000064,2026-01-02,SK,returning,completed,bank_transfer,express
ORD-000118,2026-01-02,CZ,returning,completed,bank_transfer,courier
ORD-000898,2026-01-02,PL,returning,returned,bank_transfer,standard
ORD-000904,2026-01-02,SK,returning,cancelled,card,express
ORD-000468,2026-01-03,HU,returning,cancelled,card,pickup_point
ORD-000590,2026-01-03,HU,new,completed,card,express
ORD-000639,2026-01-03,HU,new,completed,bank_transfer,express
ORD-000150,2026-01-04,HU,new,completed,card,standard
ORD-000282,2026-01-04,CZ,returning,completed,card,standard
ORD-000558,2026-01-04,PL,business,completed,card,express
ORD-000644,2026-01-04,SK,returning,completed,digital_wallet,express
ORD-000816,2026-01-04,CZ,business,completed,card,pickup_point
ORD-000325,2026-01-05,SK,returning,returned,bank_transfer,standard
ORD-000646,2026-01-05,HU,new,completed,card,pickup_point
ORD-000972,2026-01-05,HU,new,pending,bank_transfer,pickup_point
ORD-000026,2026-01-06,PL,returning,pending,card,pickup_point
ORD-000857,2026-01-06,PL,returning,completed,bank_transfer,standard
ORD-000077,2026-01-07,RO,returning,completed,bank_transfer,standard
ORD-000119,2026-01-07,CZ,new,completed,card,standard
ORD-000631,2026-01-07,HU,new,completed,bank_transfer,standard
ORD-000905,2026-01-07,HU,returning,returned,card,standard
ORD-000416,2026-01-08,CZ,returning,completed,bank_transfer,express
ORD-000433,2026-01-08,RO,returning,completed,card,standard
ORD-000471,2026-01-08,PL,new,completed,card,pickup_point
ORD-000503,2026-01-08,CZ,returning,completed,card,express
ORD-000515,2026-01-08,RO,new,returned,card,standard
ORD-000697,2026-01-08,SK,returning,completed,card,standard
ORD-000414,2026-01-09,HU,returning,completed,card,express
ORD-000892,2026-01-09,SK,returning,returned,card,express
ORD-000157,2026-01-11,SK,returning,completed,digital_wallet,standard
ORD-000241,2026-01-11,PL,returning,completed,card,standard
ORD-000681,2026-01-11,CZ,returning,returned,card,express
ORD-000722,2026-01-11,HU,returning,cancelled,card,standard
ORD-000765,2026-01-11,CZ,returning,completed,card,standard
ORD-000090,2026-01-12,CZ,returning,completed,card,express
ORD-000194,2026-01-12,CZ,business,completed,card,courier
ORD-000687,2026-01-12,CZ,returning,returned,bank_transfer,standard
ORD-000278,2026-01-13,RO,returning,completed,bank_transfer,standard
ORD-000308,2026-01-13,CZ,returning,cancelled,card,express
ORD-000435,2026-01-13,CZ,new,completed,card,courier
ORD-000792,2026-01-13,SK,returning,completed,card,pickup_point
ORD-000974,2026-01-13,SK,business,completed,cash_on_delivery,standard
ORD-000995,2026-01-13,PL,returning,completed,card,standard
ORD-000111,2026-01-14,CZ,new,completed,card,pickup_point
ORD-000461,2026-01-14,SK,returning,returned,bank_transfer,standard
ORD-000548,2026-01-14,SK,new,completed,digital_wallet,pickup_point
ORD-000648,2026-01-14,SK,returning,completed,bank_transfer,standard
ORD-000640,2026-01-15,SK,returning,completed,card,standard
ORD-000845,2026-01-15,CZ,returning,completed,card,standard
ORD-000607,2026-01-16,SK,new,completed,bank_transfer,standard
ORD-000795,2026-01-16,CZ,new,returned,card,courier
ORD-000812,2026-01-16,SK,returning,returned,card,express
ORD-000818,2026-01-16,RO,returning,completed,card,express
ORD-000318,2026-01-17,PL,returning,completed,bank_transfer,standard
ORD-000340,2026-01-18,PL,returning,completed,card,standard
ORD-000986,2026-01-18,HU,business,returned,card,courier
ORD-000021,2026-01-19,SK,returning,completed,bank_transfer,pickup_point
ORD-000065,2026-01-19,HU,returning,completed,cash_on_delivery,standard
ORD-000249,2026-01-19,CZ,returning,cancelled,card,standard
ORD-000351,2026-01-19,CZ,returning,completed,card,courier
ORD-000926,2026-01-19,CZ,returning,completed,card,standard
ORD-000998,2026-01-19,PL,new,returned,card,standard
ORD-000238,2026-01-20,RO,new,completed,cash_on_delivery,standard
ORD-000705,2026-01-20,HU,returning,completed,card,standard
ORD-000453,2026-01-21,RO,new,completed,cash_on_delivery,pickup_point
ORD-000569,2026-01-21,CZ,returning,completed,card,pickup_point
ORD-000659,2026-01-21,CZ,new,completed,card,express
ORD-000039,2026-01-22,CZ,new,completed,card,courier
ORD-000201,2026-01-22,CZ,returning,completed,cash_on_delivery,standard
ORD-000348,2026-01-22,CZ,returning,completed,bank_transfer,standard
ORD-000565,2026-01-22,PL,returning,completed,bank_transfer,courier
ORD-000147,2026-01-23,CZ,returning,completed,card,express
ORD-000438,2026-01-23,SK,new,pending,card,standard
ORD-000464,2026-01-23,HU,new,completed,card,standard
ORD-000179,2026-01-24,HU,returning,completed,bank_transfer,standard
ORD-000346,2026-01-24,HU,returning,completed,card,standard
ORD-000509,2026-01-25,CZ,returning,completed,card,pickup_point
ORD-000924,2026-01-25,SK,returning,completed,card,pickup_point
ORD-000255,2026-01-26,PL,new,completed,card,standard
ORD-000472,2026-01-26,SK,returning,completed,digital_wallet,standard
ORD-000641,2026-01-26,PL,new,completed,card,pickup_point
ORD-000698,2026-01-26,HU,new,completed,card,pickup_point
ORD-000289,2026-01-27,RO,business,returned,card,pickup_point
ORD-000693,2026-01-27,SK,returning,cancelled,bank_transfer,pickup_point
ORD-000849,2026-01-27,HU,returning,pending,bank_transfer,pickup_point
ORD-000984,2026-01-27,HU,new,completed,bank_transfer,standard
ORD-000375,2026-01-28,CZ,returning,completed,card,standard
ORD-000466,2026-01-28,SK,returning,cancelled,cash_on_delivery,courier
ORD-000618,2026-01-28,SK,new,completed,card,standard
ORD-000708,2026-01-28,CZ,new,completed,cash_on_delivery,courier
ORD-000760,2026-01-28,SK,new,completed,card,standard
ORD-000017,2026-01-29,SK,new,completed,digital_wallet,express
ORD-000263,2026-01-29,RO,new,cancelled,bank_transfer,standard
ORD-000316,2026-01-29,CZ,returning,completed,card,standard
ORD-000403,2026-01-30,PL,new,completed,digital_wallet,standard
ORD-000199,2026-01-31,PL,business,returned,card,standard
ORD-000354,2026-01-31,SK,returning,completed,bank_transfer,pickup_point
ORD-000478,2026-01-31,RO,business,completed,card,courier
ORD-000842,2026-01-31,SK,returning,completed,cash_on_delivery,standard
ORD-000901,2026-01-31,PL,business,completed,card,express
ORD-000256,2026-02-02,HU,new,pending,card,standard
ORD-000303,2026-02-02,PL,returning,completed,card,pickup_point
ORD-000671,2026-02-02,CZ,new,completed,bank_transfer,pickup_point
ORD-000946,2026-02-02,CZ,business,completed,bank_transfer,express
ORD-000283,2026-02-03,SK,returning,completed,card,courier
ORD-000777,2026-02-03,CZ,returning,completed,card,express
ORD-000890,2026-02-03,PL,returning,cancelled,bank_transfer,standard
ORD-000114,2026-02-04,SK,returning,completed,bank_transfer,courier
ORD-000205,2026-02-04,CZ,new,completed,bank_transfer,standard
ORD-000101,2026-02-05,SK,returning,completed,card,pickup_point
ORD-000286,2026-02-05,SK,new,completed,card,standard
ORD-000295,2026-02-05,HU,returning,completed,card,express
ORD-000060,2026-02-06,SK,returning,completed,card,pickup_point
ORD-000243,2026-02-06,CZ,returning,completed,card,standard
ORD-000247,2026-02-08,SK,new,cancelled,card,courier
ORD-000380,2026-02-08,SK,new,completed,card,pickup_point
ORD-000668,2026-02-08,HU,new,completed,card,express
ORD-000319,2026-02-09,PL,returning,completed,card,standard
ORD-000367,2026-02-09,HU,business,completed,card,courier
ORD-000634,2026-02-10,PL,new,completed,bank_transfer,standard
ORD-000016,2026-02-11,SK,returning,completed,digital_wallet,standard
ORD-000877,2026-02-11,SK,new,completed,card,standard
ORD-000491,2026-02-12,HU,business,completed,bank_transfer,pickup_point
ORD-000625,2026-02-12,SK,business,completed,bank_transfer,standard
ORD-000810,2026-02-12,PL,new,completed,card,standard
ORD-000882,2026-02-12,CZ,new,completed,card,pickup_point
ORD-000279,2026-02-13,CZ,new,completed,cash_on_delivery,standard
ORD-000889,2026-02-13,PL,returning,completed,card,pickup_point
ORD-000599,2026-02-14,HU,returning,completed,bank_transfer,standard
ORD-000811,2026-02-14,SK,returning,completed,card,standard
ORD-000088,2026-02-15,SK,new,pending,cash_on_delivery,courier
ORD-000796,2026-02-15,CZ,new,completed,digital_wallet,standard
ORD-000269,2026-02-16,PL,returning,completed,card,pickup_point
ORD-000277,2026-02-16,PL,returning,pending,card,standard
ORD-000284,2026-02-16,SK,returning,completed,cash_on_delivery,standard
ORD-000937,2026-02-16,SK,returning,completed,card,express
ORD-000043,2026-02-17,HU,returning,cancelled,card,pickup_point
ORD-000265,2026-02-17,SK,new,cancelled,card,pickup_point
ORD-000619,2026-02-17,SK,returning,completed,card,standard
ORD-000654,2026-02-17,CZ,returning,completed,digital_wallet,express
ORD-000320,2026-02-18,PL,new,completed,bank_transfer,standard
ORD-000638,2026-02-18,SK,returning,completed,card,standard
ORD-000709,2026-02-18,SK,new,completed,bank_transfer,standard
ORD-000840,2026-02-18,SK,returning,returned,card,pickup_point
ORD-000990,2026-02-18,HU,returning,completed,card,courier
ORD-000298,2026-02-19,SK,business,completed,bank_transfer,standard
ORD-000436,2026-02-19,PL,returning,completed,cash_on_delivery,courier
ORD-000703,2026-02-19,HU,new,pending,card,standard
ORD-000721,2026-02-19,PL,returning,completed,cash_on_delivery,standard
ORD-000776,2026-02-19,RO,returning,pending,bank_transfer,standard
ORD-000294,2026-02-20,PL,returning,cancelled,cash_on_delivery,standard
ORD-000429,2026-02-20,SK,returning,completed,card,standard
ORD-000473,2026-02-20,HU,new,completed,bank_transfer,standard
ORD-000847,2026-02-20,CZ,returning,completed,card,standard
ORD-000161,2026-02-21,RO,returning,completed,cash_on_delivery,pickup_point
ORD-000008,2026-02-22,PL,returning,completed,cash_on_delivery,standard
ORD-000073,2026-02-22,PL,business,completed,card,courier
ORD-000254,2026-02-22,RO,new,cancelled,cash_on_delivery,standard
ORD-000024,2026-02-23,RO,new,completed,card,courier
ORD-000139,2026-02-23,SK,returning,completed,bank_transfer,pickup_point
ORD-000530,2026-02-23,CZ,new,completed,card,standard
ORD-000837,2026-02-23,HU,returning,completed,card,pickup_point
ORD-000141,2026-02-24,SK,returning,completed,card,courier
ORD-000754,2026-02-24,CZ,new,cancelled,bank_transfer,standard
ORD-000861,2026-02-24,PL,returning,completed,card,standard
ORD-000956,2026-02-25,SK,returning,cancelled,cash_on_delivery,courier
ORD-000097,2026-02-26,CZ,new,completed,card,pickup_point
ORD-000185,2026-02-27,HU,returning,cancelled,cash_on_delivery,pickup_point
ORD-000314,2026-02-27,RO,returning,completed,card,standard
ORD-000896,2026-02-27,SK,returning,completed,card,courier
ORD-000109,2026-02-28,SK,returning,completed,card,pickup_point
ORD-000207,2026-02-28,SK,new,cancelled,card,standard
ORD-000384,2026-02-28,HU,new,completed,card,pickup_point
ORD-000409,2026-02-28,PL,returning,completed,cash_on_delivery,pickup_point
ORD-000870,2026-02-28,CZ,returning,completed,card,standard
ORD-000154,2026-03-01,HU,returning,completed,digital_wallet,express
ORD-000171,2026-03-01,CZ,new,pending,card,express
ORD-000389,2026-03-01,PL,new,completed,card,pickup_point
ORD-000422,2026-03-01,RO,returning,completed,cash_on_delivery,pickup_point
ORD-000579,2026-03-01,SK,new,completed,card,pickup_point
ORD-000773,2026-03-01,SK,returning,cancelled,card,standard
ORD-000794,2026-03-01,SK,returning,completed,card,standard
ORD-000833,2026-03-01,PL,new,completed,card,standard
ORD-000925,2026-03-01,RO,returning,completed,bank_transfer,pickup_point
ORD-000971,2026-03-01,PL,business,returned,digital_wallet,standard
ORD-000614,2026-03-02,SK,returning,cancelled,bank_transfer,pickup_point
ORD-000128,2026-03-03,CZ,returning,cancelled,card,courier
ORD-000733,2026-03-03,RO,returning,completed,card,express
ORD-000853,2026-03-03,HU,returning,completed,card,standard
ORD-000541,2026-03-04,PL,returning,completed,bank_transfer,standard
ORD-000780,2026-03-04,RO,new,completed,card,pickup_point
ORD-000011,2026-03-05,SK,returning,completed,card,pickup_point
ORD-000224,2026-03-05,PL,new,completed,card,standard
ORD-000742,2026-03-05,PL,returning,completed,card,pickup_point
ORD-000404,2026-03-06,HU,returning,cancelled,card,standard
ORD-000841,2026-03-06,CZ,new,completed,card,express
ORD-000293,2026-03-07,CZ,new,completed,bank_transfer,pickup_point
ORD-000525,2026-03-07,CZ,new,completed,cash_on_delivery,pickup_point
ORD-000594,2026-03-07,SK,returning,completed,card,pickup_point
ORD-000633,2026-03-07,SK,business,cancelled,bank_transfer,pickup_point
ORD-000660,2026-03-07,HU,returning,completed,digital_wallet,express
ORD-000763,2026-03-07,SK,returning,completed,card,standard
ORD-000775,2026-03-07,PL,business,completed,card,pickup_point
ORD-000164,2026-03-08,SK,returning,pending,cash_on_delivery,standard
ORD-000700,2026-03-08,PL,returning,returned,card,pickup_point
ORD-000122,2026-03-09,SK,new,completed,card,pickup_point
ORD-000382,2026-03-09,SK,returning,completed,card,pickup_point
ORD-000813,2026-03-09,CZ,returning,completed,cash_on_delivery,standard
ORD-000362,2026-03-10,CZ,new,completed,card,express
ORD-000174,2026-03-11,SK,returning,returned,card,standard
ORD-000281,2026-03-11,CZ,new,completed,cash_on_delivery,pickup_point
ORD-000144,2026-03-12,SK,business,completed,digital_wallet,standard
ORD-000215,2026-03-12,CZ,returning,completed,cash_on_delivery,standard
ORD-000715,2026-03-12,HU,returning,completed,cash_on_delivery,standard
ORD-000100,2026-03-13,PL,new,completed,card,standard
ORD-000312,2026-03-13,PL,new,returned,card,standard
ORD-000465,2026-03-13,CZ,new,completed,bank_transfer,standard
ORD-000593,2026-03-13,SK,returning,completed,card,standard
ORD-000622,2026-03-13,RO,returning,cancelled,card,pickup_point
ORD-000929,2026-03-13,SK,returning,completed,card,pickup_point
ORD-000707,2026-03-14,SK,returning,pending,bank_transfer,standard
ORD-000865,2026-03-14,CZ,new,completed,bank_transfer,express
ORD-000906,2026-03-15,SK,new,returned,bank_transfer,pickup_point
ORD-000439,2026-03-16,SK,returning,completed,card,pickup_point
ORD-000475,2026-03-16,SK,returning,completed,card,courier
ORD-000919,2026-03-16,HU,returning,completed,card,pickup_point
ORD-000257,2026-03-17,RO,returning,completed,card,courier
ORD-000980,2026-03-17,SK,returning,completed,card,standard
ORD-000326,2026-03-18,SK,returning,completed,card,standard
ORD-000448,2026-03-19,SK,returning,returned,bank_transfer,standard
ORD-000711,2026-03-19,PL,new,completed,card,standard
ORD-000931,2026-03-19,SK,returning,completed,card,express
ORD-000057,2026-03-20,SK,returning,completed,bank_transfer,express
ORD-000886,2026-03-20,CZ,returning,completed,card,standard
ORD-000092,2026-03-22,HU,new,completed,card,courier
ORD-000330,2026-03-22,RO,business,completed,card,standard
ORD-000743,2026-03-22,PL,new,completed,card,pickup_point
ORD-000955,2026-03-22,HU,returning,completed,digital_wallet,pickup_point
ORD-000983,2026-03-22,PL,returning,completed,card,express
ORD-000261,2026-03-23,CZ,returning,completed,card,standard
ORD-000534,2026-03-23,RO,returning,completed,card,standard
ORD-000587,2026-03-23,CZ,returning,completed,card,express
ORD-000655,2026-03-23,SK,returning,completed,digital_wallet,standard
ORD-000443,2026-03-24,SK,returning,completed,cash_on_delivery,standard
ORD-000735,2026-03-24,SK,returning,completed,card,standard
ORD-000869,2026-03-24,RO,new,completed,bank_transfer,courier
ORD-000744,2026-03-25,SK,new,completed,cash_on_delivery,pickup_point
ORD-000102,2026-03-26,RO,new,completed,card,courier
ORD-000206,2026-03-26,SK,returning,completed,card,pickup_point
ORD-000606,2026-03-26,HU,new,completed,card,express
ORD-000690,2026-03-26,RO,returning,returned,cash_on_delivery,express
ORD-000801,2026-03-26,SK,returning,completed,card,standard
ORD-000967,2026-03-26,SK,returning,completed,card,pickup_point
ORD-000085,2026-03-27,SK,new,completed,card,standard
ORD-000497,2026-03-27,SK,new,completed,card,standard
ORD-000726,2026-03-27,PL,returning,returned,bank_transfer,express
ORD-000907,2026-03-27,HU,returning,completed,cash_on_delivery,standard
ORD-000054,2026-03-29,SK,returning,completed,card,pickup_point
ORD-000169,2026-03-29,SK,new,completed,card,standard
ORD-000836,2026-03-29,RO,returning,returned,digital_wallet,express
ORD-001000,2026-03-29,CZ,new,completed,digital_wallet,express
ORD-000550,2026-03-30,CZ,new,completed,card,express
ORD-000747,2026-03-30,SK,returning,completed,card,standard
ORD-000767,2026-03-30,SK,returning,completed,card,pickup_point
ORD-000797,2026-03-30,PL,business,completed,digital_wallet,pickup_point
ORD-000002,2026-03-31,CZ,new,completed,bank_transfer,pickup_point
ORD-000484,2026-03-31,SK,returning,cancelled,card,standard
ORD-000510,2026-03-31,SK,returning,completed,bank_transfer,standard
ORD-000513,2026-03-31,SK,returning,cancelled,cash_on_delivery,standard
ORD-000620,2026-03-31,SK,business,completed,card,standard
ORD-000258,2026-04-01,PL,business,completed,card,pickup_point
ORD-000498,2026-04-01,CZ,returning,returned,bank_transfer,standard
ORD-000734,2026-04-01,RO,returning,cancelled,digital_wallet,standard
ORD-000950,2026-04-01,SK,new,completed,card,pickup_point
ORD-000598,2026-04-02,SK,returning,completed,bank_transfer,express
ORD-000195,2026-04-03,SK,returning,completed,digital_wallet,standard
ORD-000381,2026-04-03,SK,new,completed,card,express
ORD-000609,2026-04-03,RO,returning,completed,digital_wallet,express
ORD-000176,2026-04-05,CZ,returning,completed,card,standard
ORD-000555,2026-04-05,CZ,new,completed,cash_on_delivery,express
ORD-000762,2026-04-05,PL,new,completed,bank_transfer,pickup_point
ORD-000903,2026-04-05,CZ,new,cancelled,cash_on_delivery,standard
ORD-000113,2026-04-06,SK,new,completed,card,standard
ORD-000492,2026-04-06,PL,new,completed,card,standard
ORD-000936,2026-04-06,SK,returning,pending,cash_on_delivery,standard
ORD-000098,2026-04-07,RO,returning,completed,cash_on_delivery,standard
ORD-000446,2026-04-07,CZ,new,pending,card,standard
ORD-000615,2026-04-07,CZ,returning,completed,card,standard
ORD-000717,2026-04-07,SK,returning,cancelled,card,standard
ORD-000124,2026-04-08,CZ,returning,cancelled,bank_transfer,courier
ORD-000519,2026-04-08,CZ,returning,completed,card,standard
ORD-000731,2026-04-08,CZ,new,completed,card,pickup_point
ORD-000127,2026-04-09,SK,returning,completed,card,pickup_point
ORD-000130,2026-04-09,PL,new,pending,card,courier
ORD-000267,2026-04-09,SK,returning,pending,card,standard
ORD-000103,2026-04-10,SK,returning,completed,card,standard
ORD-000637,2026-04-10,SK,returning,completed,cash_on_delivery,express
ORD-000830,2026-04-10,SK,new,completed,card,pickup_point
ORD-000657,2026-04-11,PL,returning,completed,card,standard
ORD-000686,2026-04-11,RO,new,completed,card,standard
ORD-000423,2026-04-12,SK,new,completed,card,pickup_point
ORD-000559,2026-04-12,CZ,returning,completed,card,standard
ORD-000649,2026-04-12,CZ,new,completed,card,standard
ORD-000987,2026-04-12,PL,returning,returned,digital_wallet,standard
ORD-000121,2026-04-14,SK,returning,completed,card,express
ORD-000940,2026-04-14,HU,returning,completed,card,courier
ORD-000187,2026-04-15,SK,returning,returned,card,express
ORD-000190,2026-04-15,SK,returning,cancelled,bank_transfer,standard
ORD-000233,2026-04-15,PL,new,cancelled,card,standard
ORD-000253,2026-04-15,SK,business,completed,cash_on_delivery,standard
ORD-000544,2026-04-15,PL,returning,completed,cash_on_delivery,courier
ORD-000032,2026-04-16,SK,returning,completed,bank_transfer,pickup_point
ORD-000053,2026-04-16,PL,new,completed,digital_wallet,standard
ORD-000356,2026-04-16,CZ,returning,completed,card,standard
ORD-000371,2026-04-16,SK,returning,completed,card,standard
ORD-000459,2026-04-16,SK,business,returned,card,pickup_point
ORD-000532,2026-04-16,PL,business,completed,card,standard
ORD-000691,2026-04-16,RO,new,completed,digital_wallet,standard
ORD-000957,2026-04-16,PL,new,completed,card,standard
ORD-000055,2026-04-17,PL,returning,completed,bank_transfer,standard
ORD-000232,2026-04-17,CZ,new,completed,digital_wallet,courier
ORD-000370,2026-04-17,SK,returning,returned,digital_wallet,standard
ORD-000873,2026-04-17,SK,returning,completed,card,express
ORD-000893,2026-04-17,HU,new,completed,card,express
ORD-000917,2026-04-18,SK,returning,completed,card,pickup_point
ORD-000074,2026-04-19,PL,new,completed,card,standard
ORD-000421,2026-04-19,HU,returning,completed,bank_transfer,express
ORD-000288,2026-04-20,SK,returning,pending,bank_transfer,standard
ORD-000516,2026-04-20,PL,returning,pending,card,pickup_point
ORD-000543,2026-04-20,SK,new,returned,card,standard
ORD-000688,2026-04-20,SK,business,returned,card,express
ORD-000784,2026-04-20,PL,returning,pending,cash_on_delivery,standard
ORD-000252,2026-04-21,HU,new,completed,cash_on_delivery,standard
ORD-000572,2026-04-21,SK,new,completed,card,express
ORD-000574,2026-04-21,SK,returning,completed,card,standard
ORD-000584,2026-04-21,HU,returning,pending,digital_wallet,standard
ORD-000666,2026-04-21,CZ,new,completed,card,standard
ORD-000828,2026-04-21,CZ,new,pending,card,standard
ORD-000859,2026-04-21,HU,returning,completed,cash_on_delivery,pickup_point
ORD-000156,2026-04-22,SK,new,completed,card,pickup_point
ORD-000376,2026-04-22,PL,returning,completed,card,pickup_point
ORD-000431,2026-04-22,HU,returning,completed,card,express
ORD-000746,2026-04-22,HU,returning,completed,card,standard
ORD-000778,2026-04-22,CZ,returning,completed,card,courier
ORD-000779,2026-04-22,CZ,business,completed,bank_transfer,standard
ORD-000069,2026-04-23,CZ,business,completed,bank_transfer,express
ORD-000823,2026-04-23,SK,new,completed,card,standard
ORD-000916,2026-04-23,CZ,new,completed,bank_transfer,standard
ORD-000105,2026-04-24,PL,new,completed,card,pickup_point
ORD-000520,2026-04-24,CZ,new,completed,bank_transfer,standard
ORD-000766,2026-04-24,RO,returning,completed,card,standard
ORD-000863,2026-04-24,HU,returning,completed,cash_on_delivery,standard
ORD-000856,2026-04-25,SK,returning,completed,cash_on_delivery,standard
ORD-000022,2026-04-26,CZ,returning,completed,bank_transfer,standard
ORD-000476,2026-04-26,CZ,returning,returned,card,express
ORD-000522,2026-04-26,SK,returning,cancelled,digital_wallet,standard
ORD-000844,2026-04-26,CZ,returning,completed,digital_wallet,standard
ORD-000211,2026-04-27,PL,returning,completed,cash_on_delivery,standard
ORD-000603,2026-04-27,CZ,returning,completed,cash_on_delivery,standard
ORD-000716,2026-04-28,PL,returning,completed,bank_transfer,standard
ORD-000970,2026-04-28,SK,returning,completed,card,express
ORD-000071,2026-04-29,SK,returning,completed,card,standard
ORD-000610,2026-04-29,PL,returning,completed,card,express
ORD-000927,2026-04-29,RO,returning,returned,card,standard
ORD-000302,2026-04-30,SK,returning,completed,bank_transfer,pickup_point
ORD-000752,2026-04-30,PL,returning,completed,card,standard
ORD-000200,2026-05-01,SK,returning,completed,card,pickup_point
ORD-000702,2026-05-01,CZ,returning,completed,card,standard
ORD-000186,2026-05-02,HU,new,completed,bank_transfer,standard
ORD-000275,2026-05-02,SK,returning,completed,bank_transfer,pickup_point
ORD-000803,2026-05-03,PL,returning,completed,cash_on_delivery,standard
ORD-000997,2026-05-03,PL,returning,completed,card,standard
ORD-000383,2026-05-04,CZ,new,completed,bank_transfer,courier
ORD-000419,2026-05-04,CZ,new,completed,card,express
ORD-000469,2026-05-04,CZ,returning,completed,card,pickup_point
ORD-000546,2026-05-04,SK,returning,completed,bank_transfer,express
ORD-000960,2026-05-04,SK,new,completed,card,pickup_point
ORD-000344,2026-05-05,SK,returning,completed,card,standard
ORD-000540,2026-05-05,PL,new,completed,cash_on_delivery,pickup_point
ORD-000135,2026-05-06,CZ,business,completed,cash_on_delivery,standard
ORD-000602,2026-05-06,PL,new,completed,cash_on_delivery,standard
ORD-000725,2026-05-06,RO,business,completed,bank_transfer,standard
ORD-000117,2026-05-08,PL,returning,completed,card,express
ORD-000399,2026-05-08,PL,returning,completed,cash_on_delivery,pickup_point
ORD-000701,2026-05-08,PL,returning,completed,bank_transfer,pickup_point
ORD-000007,2026-05-09,HU,returning,completed,digital_wallet,standard
ORD-000149,2026-05-09,SK,business,completed,cash_on_delivery,standard
ORD-000272,2026-05-09,CZ,new,completed,card,standard
ORD-000456,2026-05-09,CZ,returning,completed,bank_transfer,pickup_point
ORD-000159,2026-05-10,RO,returning,completed,card,standard
ORD-000589,2026-05-10,CZ,new,completed,card,pickup_point
ORD-000617,2026-05-10,HU,returning,completed,bank_transfer,pickup_point
ORD-000724,2026-05-10,SK,returning,pending,card,standard
ORD-000750,2026-05-10,RO,returning,completed,card,courier
ORD-000115,2026-05-11,RO,new,pending,digital_wallet,standard
ORD-000368,2026-05-11,HU,new,completed,card,standard
ORD-000379,2026-05-11,RO,returning,completed,bank_transfer,express
ORD-000531,2026-05-11,PL,returning,completed,card,express
ORD-000142,2026-05-12,CZ,business,returned,cash_on_delivery,courier
ORD-000518,2026-05-12,HU,new,completed,cash_on_delivery,pickup_point
ORD-000729,2026-05-12,RO,returning,completed,card,express
ORD-000732,2026-05-12,RO,returning,completed,cash_on_delivery,courier
ORD-000756,2026-05-12,SK,returning,completed,digital_wallet,standard
ORD-000941,2026-05-12,PL,returning,completed,card,express
ORD-000444,2026-05-13,SK,new,completed,card,standard
ORD-000460,2026-05-13,SK,returning,completed,card,pickup_point
ORD-000824,2026-05-13,SK,returning,completed,card,standard
ORD-000023,2026-05-14,HU,returning,returned,card,standard
ORD-000521,2026-05-14,SK,new,completed,card,express
ORD-000452,2026-05-15,SK,returning,completed,card,standard
ORD-000501,2026-05-15,SK,new,returned,card,pickup_point
ORD-000677,2026-05-15,PL,new,completed,card,express
ORD-000415,2026-05-16,CZ,new,completed,bank_transfer,pickup_point
ORD-000787,2026-05-16,SK,returning,completed,card,pickup_point
ORD-000951,2026-05-16,PL,new,cancelled,card,standard
ORD-000248,2026-05-17,CZ,returning,completed,card,standard
ORD-000632,2026-05-17,SK,returning,completed,card,standard
ORD-000772,2026-05-17,SK,returning,completed,card,pickup_point
ORD-000070,2026-05-18,SK,returning,completed,bank_transfer,pickup_point
ORD-000324,2026-05-18,SK,returning,completed,card,express
ORD-000393,2026-05-18,SK,returning,completed,bank_transfer,pickup_point
ORD-000835,2026-05-18,HU,new,completed,card,standard
ORD-000932,2026-05-18,RO,new,completed,cash_on_delivery,express
ORD-000155,2026-05-19,SK,returning,pending,cash_on_delivery,pickup_point
ORD-000627,2026-05-19,PL,returning,completed,card,express
ORD-000786,2026-05-19,CZ,new,completed,digital_wallet,pickup_point
ORD-000078,2026-05-20,PL,new,completed,bank_transfer,standard
ORD-000727,2026-05-20,CZ,returning,returned,card,standard
ORD-000831,2026-05-20,PL,returning,completed,card,standard
ORD-000066,2026-05-21,SK,returning,returned,card,pickup_point
ORD-000432,2026-05-21,CZ,returning,completed,card,express
ORD-000474,2026-05-21,HU,returning,completed,card,express
ORD-000514,2026-05-21,SK,returning,returned,cash_on_delivery,pickup_point
ORD-000629,2026-05-21,CZ,new,cancelled,bank_transfer,standard
ORD-000959,2026-05-21,SK,returning,cancelled,bank_transfer,standard
ORD-000133,2026-05-22,RO,new,completed,bank_transfer,standard
ORD-000563,2026-05-22,SK,new,completed,digital_wallet,standard
ORD-000116,2026-05-23,CZ,returning,completed,card,standard
ORD-000125,2026-05-23,SK,returning,completed,digital_wallet,pickup_point
ORD-000467,2026-05-23,SK,returning,completed,bank_transfer,courier
ORD-000848,2026-05-23,RO,business,completed,card,standard
ORD-000010,2026-05-24,RO,returning,completed,card,courier
ORD-000611,2026-05-24,CZ,business,completed,card,standard
ORD-000031,2026-05-25,PL,business,completed,card,courier
ORD-000129,2026-05-25,SK,returning,completed,card,pickup_point
ORD-000134,2026-05-25,SK,business,completed,bank_transfer,pickup_point
ORD-000136,2026-05-25,HU,new,completed,card,express
ORD-000221,2026-05-25,RO,returning,cancelled,card,pickup_point
ORD-000643,2026-05-25,HU,returning,completed,bank_transfer,standard
ORD-000051,2026-05-26,CZ,returning,completed,bank_transfer,standard
ORD-000162,2026-05-26,HU,new,completed,digital_wallet,standard
ORD-000930,2026-05-26,RO,returning,completed,digital_wallet,courier
ORD-000963,2026-05-26,HU,business,completed,card,pickup_point
ORD-000067,2026-05-27,HU,new,completed,card,express
ORD-000276,2026-05-27,RO,new,completed,card,standard
ORD-000311,2026-05-27,SK,returning,pending,card,standard
ORD-000616,2026-05-27,CZ,returning,completed,card,standard
ORD-000809,2026-05-27,CZ,new,completed,card,express
ORD-000897,2026-05-27,SK,new,completed,digital_wallet,standard
ORD-000266,2026-05-28,SK,returning,returned,bank_transfer,express
ORD-000817,2026-05-28,SK,returning,pending,bank_transfer,standard
ORD-000299,2026-05-29,SK,returning,returned,card,standard
ORD-000454,2026-05-29,HU,new,completed,bank_transfer,courier
ORD-000482,2026-05-29,RO,new,completed,bank_transfer,pickup_point
ORD-000500,2026-05-29,SK,returning,completed,digital_wallet,express
ORD-000535,2026-05-29,CZ,returning,completed,cash_on_delivery,pickup_point
ORD-000250,2026-05-30,RO,new,completed,digital_wallet,standard
ORD-000418,2026-05-30,SK,new,completed,cash_on_delivery,pickup_point
ORD-000669,2026-05-30,PL,returning,pending,card,standard
ORD-000822,2026-05-31,PL,returning,completed,cash_on_delivery,standard
ORD-000068,2026-06-01,SK,business,completed,card,express
ORD-000110,2026-06-01,CZ,new,completed,cash_on_delivery,pickup_point
ORD-000328,2026-06-01,CZ,new,completed,bank_transfer,standard
ORD-000398,2026-06-01,CZ,returning,completed,card,standard
ORD-000458,2026-06-01,SK,returning,completed,cash_on_delivery,express
ORD-000079,2026-06-02,RO,returning,completed,card,pickup_point
ORD-000651,2026-06-02,SK,business,completed,card,standard
ORD-000804,2026-06-02,HU,returning,cancelled,card,standard
ORD-000015,2026-06-03,PL,new,completed,bank_transfer,standard
ORD-000038,2026-06-03,CZ,returning,pending,card,standard
ORD-000310,2026-06-03,HU,new,completed,card,standard
ORD-000680,2026-06-03,CZ,new,completed,cash_on_delivery,standard
ORD-000913,2026-06-03,CZ,new,completed,card,standard
ORD-000496,2026-06-04,SK,returning,completed,card,pickup_point
ORD-000366,2026-06-05,CZ,new,completed,card,standard
ORD-000678,2026-06-05,CZ,new,completed,card,pickup_point
ORD-000782,2026-06-05,RO,new,completed,cash_on_delivery,standard
ORD-000973,2026-06-05,HU,new,returned,bank_transfer,standard
ORD-000626,2026-06-06,RO,returning,completed,card,standard
ORD-000650,2026-06-06,CZ,new,cancelled,card,express
ORD-000058,2026-06-07,SK,new,pending,card,standard
ORD-000387,2026-06-07,SK,returning,cancelled,card,pickup_point
ORD-000876,2026-06-07,HU,new,completed,digital_wallet,express
ORD-000887,2026-06-07,CZ,new,cancelled,card,standard
ORD-000914,2026-06-07,SK,new,completed,bank_transfer,express
ORD-000447,2026-06-09,SK,new,completed,card,courier
ORD-000965,2026-06-09,PL,new,pending,bank_transfer,standard
ORD-000197,2026-06-10,PL,returning,completed,card,standard
ORD-000273,2026-06-10,PL,new,completed,card,standard
ORD-000568,2026-06-11,SK,new,completed,card,courier
ORD-000799,2026-06-11,PL,returning,completed,card,standard
ORD-000948,2026-06-11,SK,returning,cancelled,bank_transfer,standard
ORD-000020,2026-06-12,PL,business,pending,cash_on_delivery,standard
ORD-000262,2026-06-13,PL,returning,completed,card,standard
ORD-000170,2026-06-14,HU,new,completed,digital_wallet,standard
ORD-000412,2026-06-15,SK,business,completed,bank_transfer,standard
ORD-000486,2026-06-15,SK,returning,completed,card,pickup_point
ORD-000493,2026-06-15,SK,business,completed,card,standard
ORD-000082,2026-06-16,RO,new,completed,card,standard
ORD-000138,2026-06-16,CZ,returning,completed,card,standard
ORD-000246,2026-06-16,CZ,new,completed,card,standard
ORD-000490,2026-06-16,SK,returning,completed,card,express
ORD-000684,2026-06-16,CZ,returning,completed,digital_wallet,express
ORD-000736,2026-06-16,CZ,business,cancelled,card,standard
ORD-000838,2026-06-16,HU,business,completed,card,courier
ORD-000958,2026-06-16,HU,returning,completed,cash_on_delivery,courier
ORD-000307,2026-06-17,CZ,new,returned,card,standard
ORD-000985,2026-06-17,PL,new,completed,card,standard
